id,name  ,transactionDate
1 ,name1 ,04122022
2 ,name2 ,05122022
3 ,name3 ,06122022
4 ,name4 ,07122022
5 ,name5 ,08122022
6 ,name6 ,09122022
7 ,name7 ,10122022
8 ,name8 ,11122022
9 ,name9 ,12122022
10,name10,13122022
11,name11,14122022
12,name12,15122022
13,name13,16122022
14,name14,17122022
15,name15,18122022
16,name16,19122022
17,name17,20122022
18,name18,21122022
19,name19,22122022
20,name20,23122022
21,name21,24122022
22,name22,25122022
23,name23,26122022
24,name24,27122022
25,name25,28122022
26,name26,29122022
27,name27,30122022
28,name28,31122022
29,name29,01012023
30,name30,02012023
31,name31,03012023
32,name32,04012023
33,name33,05012023
34,name34,06012023
35,name35,07012023
36,name36,08012023
37,name37,09012023
38,name38,10012023
39,name39,11012023
40,name40,12012023
41,name41,13012023
42,name42,14012023
43,name43,15012023
44,name44,16012023
45,name45,17012023
46,name46,18012023
47,name47,19012023
48,name48,20012023
49,name49,21012023
50,name50,22012023
51,name51,23012023
52,name52,24012023
53,name53,25012023
54,name54,26012023
55,name55,27012023
56,name56,28012023
57,name57,29012023
58,name58,30012023
59,name59,31012023
60,name60,01022023
61,name61,02022023
62,name62,03022023
63,name63,04022023
64,name64,05022023
65,name65,06022023
66,name66,07022023
67,name67,08022023
68,name68,09022023
69,name69,10022023
70,name70,11022023
71,name71,12022023
72,name72,13022023
73,name73,14022023
74,name74,15022023
75,name75,16022023
76,name76,17022023
77,name77,18022023
78,name78,19022023
79,name79,20022023
80,name80,21022023
81,name81,22022023
82,name82,23022023
83,name83,24022023
84,name84,25022023
85,name85,26022023
86,name86,27022023
87,name87,28022023
88,name88,01032023
89,name89,02032023
90,name90,03032023
91,name91,04032023
92,name92,05032023
93,name93,06032023
94,name94,07032023
95,name95,08032023
96,name96,09032023
97,name97,10032023
98,name98,11032023
99,name99,12032023
